userName, firstName, lastName, Password,Reservation,undockTime
BrFoste,Brain,Foster,40lxik7t,xxxxxxxxxx,tttttttttt
MaBarre,Mattie,Barrera,l3jl7bne,xxxxxxxxxx,tttttttttt
DaHowel,Darrel,Howell,3nfp452a,xxxxxxxxxx,tttttttttt
NoNewto,Noemi,Newton,yh7824dm,xxxxxxxxxx,tttttttttt
JaCarde,Jae,Cardenas,mitmwrt4,xxxxxxxxxx,tttttttttt
ElDenni,Eli,Dennis,dufntp3o,xxxxxxxxxx,tttttttttt
PaHendr,Paulette,Hendrix,b6wi5bwa,xxxxxxxxxx,tttttttttt
EmNash,Emilio,Nash,q1qskmo6,xxxxxxxxxx,tttttttttt
LeBrigg,Leola,Briggs,xpgn4iaw,xxxxxxxxxx,tttttttttt
NiMonro,Nigel,Monroe,nigdieq9,xxxxxxxxxx,tttttttttt
GeSexto,Geraldo,Sexton,hge3yuck,xxxxxxxxxx,tttttttttt
AnGuerr,Anthony,Guerrero,tpuvg0ah,xxxxxxxxxx,tttttttttt
BeNicho,Bertram,Nicholson,ula4oyps,xxxxxxxxxx,tttttttttt
EdMahon,Eddy,Mahoney,oqe4pupe,xxxxxxxxxx,tttttttttt
JuJimen,Julian,Jimenez,9kou93nz,xxxxxxxxxx,tttttttttt
LaMayo,Latisha,Mayo,5nztdzoz,xxxxxxxxxx,tttttttttt
RoGreer,Rolando,Greer,730ykgdu,xxxxxxxxxx,tttttttttt
NoAguil,Norbert,Aguilar,aegkjvk7,xxxxxxxxxx,tttttttttt
AnConra,Antwan,Conrad,a5t9e9zv,xxxxxxxxxx,tttttttttt
ReMorro,Reuben,Morrow,hi1ltk90,xxxxxxxxxx,tttttttttt
OpAyala,Opal,Ayala,s6pa5jha,xxxxxxxxxx,tttttttttt
JuBray,Juliet,Bray,i111unlh,xxxxxxxxxx,tttttttttt
BaPonce,Barry,Ponce,jxmrf6bq,xxxxxxxxxx,tttttttttt
KrCalde,Kristy,Calderon,hn8hdhxn,xxxxxxxxxx,tttttttttt
MaDicks,Mark,Dickson,e5epflyt,xxxxxxxxxx,tttttttttt
ClBeard,Clay,Beard,5dowkc0q,xxxxxxxxxx,tttttttttt
PaCanno,Palmer,Cannon,96y4poy3,xxxxxxxxxx,tttttttttt
DuWheel,Dudley,Wheeler,35cq3ezl,xxxxxxxxxx,tttttttttt
RiDoyle,Richard,Doyle,3v36d96u,xxxxxxxxxx,tttttttttt
AuPadil,Augustine,Padilla,n0zaj9ai,xxxxxxxxxx,tttttttttt
AnClayt,Annabelle,Clayton,vh2gd4fe,xxxxxxxxxx,tttttttttt
GlNunez,Gladys,Nunez,anz7ismf,xxxxxxxxxx,tttttttttt
AmHerre,Amy,Herrera,gtsq3wo3,xxxxxxxxxx,tttttttttt
IvMendo,Ivy,Mendoza,fed47cy6,xxxxxxxxxx,tttttttttt
DiZaval,Diego,Zavala,3o3chl9u,xxxxxxxxxx,tttttttttt
RhHampt,Rhoda,Hampton,ypboe2eg,xxxxxxxxxx,tttttttttt
ReDuffy,Reyna,Duffy,4grwfcza,xxxxxxxxxx,tttttttttt
KaSingh,Kayla,Singh,c679xq51,xxxxxxxxxx,tttttttttt
MaHurle,Marcie,Hurley,qj7zey9z,xxxxxxxxxx,tttttttttt
MaBullo,Matt,Bullock,ekqeelwb,xxxxxxxxxx,tttttttttt
DaWolfe,Darrell,Wolfe,y9eruweb,xxxxxxxxxx,tttttttttt
DoCasti,Doreen,Castillo,n0a5176c,xxxxxxxxxx,tttttttttt
EmClark,Emile,Clark,ic54ytk9,xxxxxxxxxx,tttttttttt
HaGalle,Harley,Gallegos,9v5agtke,xxxxxxxxxx,tttttttttt
JaArnol,Jami,Arnold,sq0jliq4,xxxxxxxxxx,tttttttttt
TrMccal,Traci,Mccall,6pgl66p4,xxxxxxxxxx,tttttttttt
MoBolto,Mohammad,Bolton,apbwlxrs,xxxxxxxxxx,tttttttttt
ArPhill,Arline,Phillips,303pfgci,xxxxxxxxxx,tttttttttt
HeBurto,Heidi,Burton,vv5ovhdz,xxxxxxxxxx,tttttttttt
ShPache,Shannon,Pacheco,84hdrzr6,xxxxxxxxxx,tttttttttt
BoDonov,Boyd,Donovan,290xi2fc,xxxxxxxxxx,tttttttttt
JaHatfi,Jasmine,Hatfield,ba5yppmt,xxxxxxxxxx,tttttttttt
GlRoger,Glen,Rogers,eypjpgjn,xxxxxxxxxx,tttttttttt
AlStric,Alfredo,Strickland,zrnym7eb,xxxxxxxxxx,tttttttttt
SeButle,Selena,Butler,gi8a4ilf,xxxxxxxxxx,tttttttttt
AlWilli,Alvaro,Willis,e4ip715q,xxxxxxxxxx,tttttttttt
AlDavid,Alden,Davidson,8b4lo15s,xxxxxxxxxx,tttttttttt
FeYoung,Federico,Young,h9jo4lfu,xxxxxxxxxx,tttttttttt
AnReid,Anna,Reid,jt2x13ij,xxxxxxxxxx,tttttttttt
StCabre,Stanley,Cabrera,t3hrrda7,xxxxxxxxxx,tttttttttt
CyShelt,Cynthia,Shelton,4w6njnz3,xxxxxxxxxx,tttttttttt
ShBower,Shawn,Bowers,s1mfds3n,xxxxxxxxxx,tttttttttt
StBento,Stacy,Benton,xmei18fl,xxxxxxxxxx,tttttttttt
SaWest,Santo,West,zsety6v1,xxxxxxxxxx,tttttttttt
ReWelch,Reginald,Welch,gtqoqv9o,xxxxxxxxxx,tttttttttt
TaSchro,Tammie,Schroeder,ky5w2vhf,xxxxxxxxxx,tttttttttt
NiBarre,Nickolas,Barrett,8va0i1jx,xxxxxxxxxx,tttttttttt
MaPark,Malik,Park,2y44etvq,xxxxxxxxxx,tttttttttt
GePage,George,Page,egpo2opw,xxxxxxxxxx,tttttttttt
MeMuril,Melva,Murillo,yyc3vlau,xxxxxxxxxx,tttttttttt
BrAbbot,Brendon,Abbott,i37yj83c,xxxxxxxxxx,tttttttttt
MoSalin,Molly,Salinas,z2f03mr2,xxxxxxxxxx,tttttttttt
AnJorda,Andres,Jordan,gb2euu57,xxxxxxxxxx,tttttttttt
OrWolf,Orville,Wolf,mw6finzp,xxxxxxxxxx,tttttttttt
WeMille,Weldon,Miller,x8poegth,xxxxxxxxxx,tttttttttt
ChBlair,Cheri,Blair,ak58i2wh,xxxxxxxxxx,tttttttttt
ErRober,Ericka,Roberts,jat5wyfw,xxxxxxxxxx,tttttttttt
MuVelez,Murray,Velez,gvzmegds,xxxxxxxxxx,tttttttttt
LeOrozc,Lester,Orozco,91bwes74,xxxxxxxxxx,tttttttttt
CaKirby,Carole,Kirby,ql8j5vsn,xxxxxxxxxx,tttttttttt
ElOlsen,Elvis,Olsen,kntfdjf8,xxxxxxxxxx,tttttttttt
RaDalto,Ramon,Dalton,qt4fyfkk,xxxxxxxxxx,tttttttttt
SaHiggi,Santos,Higgins,v6q60w8u,xxxxxxxxxx,tttttttttt
MiWalls,Michel,Walls,49qxwmzt,xxxxxxxxxx,tttttttttt
VeMoone,Velma,Mooney,qqnek21a,xxxxxxxxxx,tttttttttt
MiAyers,Michael,Ayers,5uaxnex7,xxxxxxxxxx,tttttttttt
ReBlank,Rena,Blankenship,4kqo99b4,xxxxxxxxxx,tttttttttt
XaCampo,Xavier,Campos,r6crz6u8,xxxxxxxxxx,tttttttttt
DoStone,Dorian,Stone,x3cwkko9,xxxxxxxxxx,tttttttttt
LiHuff,Lina,Huff,jrr47dn2,xxxxxxxxxx,tttttttttt
ErBraun,Eric,Braun,z7cqvxkv,xxxxxxxxxx,tttttttttt
DeBerge,Derek,Berger,kntrfp6f,xxxxxxxxxx,tttttttttt
SuParke,Summer,Parker,lneabjnp,xxxxxxxxxx,tttttttttt
TuDillo,Tuan,Dillon,ke6yyt8r,xxxxxxxxxx,tttttttttt
JoBaxte,Joshua,Baxter,o3ud2g9h,xxxxxxxxxx,tttttttttt
IsPhelp,Isabel,Phelps,logqr6e3,xxxxxxxxxx,tttttttttt
WiHarre,Winston,Harrell,o7jppih6,xxxxxxxxxx,tttttttttt
GrCalho,Graham,Calhoun,73ewezos,xxxxxxxxxx,tttttttttt
FaMurph,Faustino,Murphy,ztjgo1yu,xxxxxxxxxx,tttttttttt
BrParso,Bradly,Parsons,hq24dcw3,xxxxxxxxxx,tttttttttt
SaDanie,Samuel,Daniel,5v6l3jt3,xxxxxxxxxx,tttttttttt
SaReeve,Sallie,Reeves,w3063xih,xxxxxxxxxx,tttttttttt
AnChan,Antoine,Chan,bd2nyuwg,xxxxxxxxxx,tttttttttt
BeMcfar,Beth,Mcfarland,bbzeu50f,xxxxxxxxxx,tttttttttt
JeSanta,Jeramy,Santana,jem5fbwv,xxxxxxxxxx,tttttttttt
LeMccan,Leslie,Mccann,h1emyr1y,xxxxxxxxxx,tttttttttt
RoAtkin,Rodger,Atkinson,jvs49kvs,xxxxxxxxxx,tttttttttt
ThYates,Thaddeus,Yates,1gm8whbs,xxxxxxxxxx,tttttttttt
LuRosal,Luz,Rosales,3789655i,xxxxxxxxxx,tttttttttt
SaLebla,Sadie,Leblanc,bcbj91fx,xxxxxxxxxx,tttttttttt
MaOneil,Mai,Oneill,jan1ivp8,xxxxxxxxxx,tttttttttt
JaFerna,Jamey,Fernandez,n2jd5cdg,xxxxxxxxxx,tttttttttt
ShWatki,Sheryl,Watkins,tx9lnia3,xxxxxxxxxx,tttttttttt
AlSuare,Allison,Suarez,6y8sdzd8,xxxxxxxxxx,tttttttttt
OmEllis,Omer,Ellison,tlfewful,xxxxxxxxxx,tttttttttt
CoWilki,Cornelius,Wilkinson,rdeqs8w5,xxxxxxxxxx,tttttttttt
DaHurst,Davis,Hurst,mu7ipyra,xxxxxxxxxx,tttttttttt
CaMacdo,Carmen,Macdonald,pa22bphd,xxxxxxxxxx,tttttttttt
MaSteve,Marquis,Stevenson,6lsofl1c,xxxxxxxxxx,tttttttttt
FrJohns,Fredrick,Johns,6l3oe25h,xxxxxxxxxx,tttttttttt
ToBass,Toby,Bass,jn7ro46q,xxxxxxxxxx,tttttttttt
ShBerna,Shelby,Bernard,7d7c5q6m,xxxxxxxxxx,tttttttttt
KeNiels,Keenan,Nielsen,jx6ik8cx,xxxxxxxxxx,tttttttttt
HaTucke,Haywood,Tucker,uvf0cx9r,xxxxxxxxxx,tttttttttt
StFry,Stewart,Fry,1n302k1u,xxxxxxxxxx,tttttttttt
RoHarve,Roland,Harvey,obh1h30n,xxxxxxxxxx,tttttttttt
ViDomin,Vicki,Dominguez,6aqv32ln,xxxxxxxxxx,tttttttttt
OrMcint,Orlando,Mcintyre,4r645xil,xxxxxxxxxx,tttttttttt
LeNorma,Leona,Norman,b50f38yz,xxxxxxxxxx,tttttttttt
ViSchul,Victoria,Schultz,st28ihi8,xxxxxxxxxx,tttttttttt
TrSchmi,Troy,Schmidt,sp2ie4hb,xxxxxxxxxx,tttttttttt
JeAnder,Jerry,Anderson,26dfzj4d,xxxxxxxxxx,tttttttttt
DoOdonn,Dorothy,Odonnell,zzl2vzb0,xxxxxxxxxx,tttttttttt
RoReese,Rosa,Reese,3qh5a0ud,xxxxxxxxxx,tttttttttt
FaMarsh,Fannie,Marsh,6ymzmjer,xxxxxxxxxx,tttttttttt
DaLewis,Damian,Lewis,fs4ft1i8,xxxxxxxxxx,tttttttttt
FrPoole,Francisca,Poole,lltbkfj9,xxxxxxxxxx,tttttttttt
DoCurry,Don,Curry,hjehkhjg,xxxxxxxxxx,tttttttttt
KrSalas,Kristen,Salas,mz2t1d1o,xxxxxxxxxx,tttttttttt
RuMays,Ruby,Mays,nv4sysfw,xxxxxxxxxx,tttttttttt
AlSnow,Alexandria,Snow,x8wqsk0w,xxxxxxxxxx,tttttttttt
ElBarry,Elvia,Barry,0s5n58ez,xxxxxxxxxx,tttttttttt
MaZhang,Major,Zhang,iuat58pn,xxxxxxxxxx,tttttttttt
LeFowle,Leticia,Fowler,bu6k3xvk,xxxxxxxxxx,tttttttttt
ElCampb,Eldon,Campbell,u8ou3c7z,xxxxxxxxxx,tttttttttt
JoWise,Jordon,Wise,9rkstg0h,xxxxxxxxxx,tttttttttt
ShIngra,Shane,Ingram,d6gmxk6b,xxxxxxxxxx,tttttttttt
BeKane,Bernadine,Kane,gjvokhc0,xxxxxxxxxx,tttttttttt
MaErick,Mable,Erickson,ncfgkuun,xxxxxxxxxx,tttttttttt
DeMccul,Deidre,Mccullough,2wk9dyor,xxxxxxxxxx,tttttttttt
LaReill,Lazaro,Reilly,2f4k3afp,xxxxxxxxxx,tttttttttt
GwChang,Gwen,Chang,9th3pc9w,xxxxxxxxxx,tttttttttt
BrOchoa,Brant,Ochoa,7a7cn9hr,xxxxxxxxxx,tttttttttt
JeMason,Jesse,Mason,68jxmt33,xxxxxxxxxx,tttttttttt
ZaTate,Zane,Tate,8gnklv9p,xxxxxxxxxx,tttttttttt
BeSande,Bernard,Sanders,0u0kox3h,xxxxxxxxxx,tttttttttt
TeMeyer,Terry,Meyer,8ltlr6bo,xxxxxxxxxx,tttttttttt
GrRush,Grace,Rush,hdelg8lb,xxxxxxxxxx,tttttttttt
BuRowe,Burton,Rowe,bp8jeltd,xxxxxxxxxx,tttttttttt
SaNelso,Saul,Nelson,r539yeo3,xxxxxxxxxx,tttttttttt
TiRhode,Tia,Rhodes,npmz50fx,xxxxxxxxxx,tttttttttt
GeSmith,Georgia,Smith,3sxzspsz,xxxxxxxxxx,tttttttttt
JoKent,Josiah,Kent,jmv77xes,xxxxxxxxxx,tttttttttt
AmMorse,Amos,Morse,9al5ubvm,xxxxxxxxxx,tttttttttt
SoHenry,Sonya,Henry,xy8vx002,xxxxxxxxxx,tttttttttt
ThWhitn,Theron,Whitney,v9cvefub,xxxxxxxxxx,tttttttttt
LiGiles,Liz,Giles,sn1zrubc,xxxxxxxxxx,tttttttttt
CeChamb,Cecilia,Chambers,i2d8zj9q,xxxxxxxxxx,tttttttttt
LeHolde,Leonardo,Holden,ohqa1oxy,xxxxxxxxxx,tttttttttt
KaGlass,Kathie,Glass,adftecx9,xxxxxxxxxx,tttttttttt
MoPena,Morris,Pena,z5eg1fe4,xxxxxxxxxx,tttttttttt
HeLloyd,Helene,Lloyd,ug6xbzgx,xxxxxxxxxx,tttttttttt
LoHarmo,Long,Harmon,srtrrc19,xxxxxxxxxx,tttttttttt
InRoble,Ines,Robles,yw28avlf,xxxxxxxxxx,tttttttttt
RhWoodw,Rhonda,Woodward,q6dfphsr,xxxxxxxxxx,tttttttttt
ChRoach,Christoper,Roach,h3ieqpk6,xxxxxxxxxx,tttttttttt
RuAshle,Ruthie,Ashley,x282q7f7,xxxxxxxxxx,tttttttttt
StDixon,Stanford,Dixon,9dgwa8e1,0l8rb8ds06,tttttttttt
ElParks,Elvira,Parks,fvu2o4ci,xxxxxxxxxx,tttttttttt
CaBerry,Carson,Berry,9axwpkbz,xxxxxxxxxx,tttttttttt
WiCruz,Willie,Cruz,tp32azan,xxxxxxxxxx,tttttttttt
VaBaldw,Valentin,Baldwin,xt9gdzin,xxxxxxxxxx,tttttttttt
WiHammo,Will,Hammond,cgauccxf,xxxxxxxxxx,tttttttttt
DiUnder,Diane,Underwood,s06poc69,xxxxxxxxxx,tttttttttt
SyRomer,Sydney,Romero,2id4nwt9,xxxxxxxxxx,tttttttttt
ChBarr,Chasity,Barr,51gu1a08,xxxxxxxxxx,tttttttttt
EsVang,Esperanza,Vang,qd6zru03,xxxxxxxxxx,tttttttttt
RhSchmi,Rhett,Schmitt,2y9o3s4y,xxxxxxxxxx,tttttttttt
AlRobin,Allen,Robinson,hkokqw04,xxxxxxxxxx,tttttttttt
OfSolis,Ofelia,Solis,2hm8sn2m,xxxxxxxxxx,tttttttttt
HaWrigh,Harrison,Wright,iva0pt77,xxxxxxxxxx,tttttttttt
DeSanto,Deana,Santos,zjy7743u,xxxxxxxxxx,tttttttttt
TaRobbi,Tara,Robbins,e848wkle,xxxxxxxxxx,tttttttttt
KeBenit,Kermit,Benitez,hqumuqhk,xxxxxxxxxx,tttttttttt
ChMunoz,Chadwick,Munoz,zf5g440a,xxxxxxxxxx,tttttttttt
JaLopez,Jarvis,Lopez,6ln2dtpj,xxxxxxxxxx,tttttttttt
LeGarre,Lesa,Garrett,p4eooped,xxxxxxxxxx,tttttttttt
JoIbarr,Jodi,Ibarra,62bn0kc5,xxxxxxxxxx,tttttttttt
JuGray,Jules,Gray,041mun7c,xxxxxxxxxx,tttttttttt
DoBauer,Donnie,Bauer,ywgxc087,xxxxxxxxxx,tttttttttt
FlRocha,Florence,Rocha,rjycbhys,xxxxxxxxxx,tttttttttt
JiGentr,Jillian,Gentry,xw9x3g6j,xxxxxxxxxx,tttttttttt
CrGriff,Cristina,Griffith,21ut3kpp,xxxxxxxxxx,tttttttttt
JaSerra,Janie,Serrano,1r30f48p,xxxxxxxxxx,tttttttttt
MoLarso,Mollie,Larson,rpq25vqp,xxxxxxxxxx,tttttttttt
ErHoove,Erich,Hoover,ni0kgx2m,xxxxxxxxxx,tttttttttt
MaMeyer,Marcelo,Meyers,63esqn3o,xxxxxxxxxx,tttttttttt
ToCastr,Todd,Castro,x36hup0e,xxxxxxxxxx,tttttttttt
TrPears,Trent,Pearson,eb8r7xwr,xxxxxxxxxx,tttttttttt
KaDunca,Katherine,Duncan,aykqmx75,xxxxxxxxxx,tttttttttt
ClWalla,Cletus,Wallace,p1xg509a,xxxxxxxxxx,tttttttttt
BuDuart,Buster,Duarte,taqbtfrv,xxxxxxxxxx,tttttttttt
RiColli,Rico,Collins,y2avuboz,xxxxxxxxxx,tttttttttt
LyMerri,Lyndon,Merritt,6mbikjlw,xxxxxxxxxx,tttttttttt
RoPruit,Rodrick,Pruitt,jkmq8zry,xxxxxxxxxx,tttttttttt
BrNovak,Bruno,Novak,f49c3687,xxxxxxxxxx,tttttttttt
LeAvery,Lenora,Avery,dg1p9hrr,xxxxxxxxxx,tttttttttt
EzBlack,Ezra,Blackburn,5vo87nh7,xxxxxxxxxx,tttttttttt
CoRando,Corinne,Randolph,5h5cejeq,xxxxxxxxxx,tttttttttt
FeKirk,Felecia,Kirk,obrt5ii5,xxxxxxxxxx,tttttttttt
ElPace,Eloise,Pace,jtfwvzci,xxxxxxxxxx,tttttttttt
PhSims,Phillip,Sims,5rkbgk1f,xxxxxxxxxx,tttttttttt
MaWalsh,Martin,Walsh,xz9wl08k,xxxxxxxxxx,tttttttttt
LiDecke,Liza,Decker,rfc01dlb,xxxxxxxxxx,tttttttttt
KaRober,Katie,Roberson,9fqtq8k0,xxxxxxxxxx,tttttttttt
LyKaufm,Lynn,Kaufman,2zsjutwp,xxxxxxxxxx,tttttttttt
KaTodd,Karina,Todd,j24u90bw,xxxxxxxxxx,tttttttttt
TaAllis,Tamera,Allison,p21j38vf,xxxxxxxxxx,tttttttttt
CaCombs,Candace,Combs,q3e939ws,xxxxxxxxxx,tttttttttt
BrHenso,Bridgette,Henson,jzidhsto,xxxxxxxxxx,tttttttttt
WiGarri,Wilber,Garrison,vhv0ekog,xxxxxxxxxx,tttttttttt
RuStanl,Ruth,Stanley,yafie57t,xxxxxxxxxx,tttttttttt
BaSpark,Barbara,Sparks,hwamc4o2,xxxxxxxxxx,tttttttttt
JoBeltr,Jonah,Beltran,w7v29x05,xxxxxxxxxx,tttttttttt
AlEscob,Alisa,Escobar,gyt2f3eh,xxxxxxxxxx,tttttttttt
PoMitch,Polly,Mitchell,adqb6gz4,xxxxxxxxxx,tttttttttt
JaAvila,Jannie,Avila,nckt7b6b,xxxxxxxxxx,tttttttttt
StWong,Stacey,Wong,jbqqzeur,xxxxxxxxxx,tttttttttt
OlRusse,Olin,Russell,o4nlhnds,xxxxxxxxxx,tttttttttt
LiRichm,Linwood,Richmond,8ca37549,xxxxxxxxxx,tttttttttt
CoCarro,Cora,Carroll,etkdkm2t,xxxxxxxxxx,tttttttttt
FrHayne,Francesco,Haynes,wl0l92y3,xxxxxxxxxx,tttttttttt
AvHinto,Ava,Hinton,go0wrpin,xxxxxxxxxx,tttttttttt
ClPittm,Clarice,Pittman,wlbvvmxf,xxxxxxxxxx,tttttttttt
VeLynn,Vernon,Lynn,wgpp7mnb,xxxxxxxxxx,tttttttttt
SaZunig,Sandra,Zuniga,hezne31a,xxxxxxxxxx,tttttttttt
FaHall,Faith,Hall,xrup2hjf,xxxxxxxxxx,tttttttttt
LoFrazi,Lonny,Frazier,ii8om0ec,xxxxxxxxxx,tttttttttt
MaGlove,Max,Glover,zznivlq4,xxxxxxxxxx,tttttttttt
GoTruji,Goldie,Trujillo,vwk1q9x4,xxxxxxxxxx,tttttttttt
FrBenso,Frieda,Benson,eab8ffue,xxxxxxxxxx,tttttttttt
TyWiggi,Tyrell,Wiggins,x8ktwju9,xxxxxxxxxx,tttttttttt
TaMadde,Tammi,Madden,07rkt5pk,xxxxxxxxxx,tttttttttt
ClBranc,Clint,Branch,78p3lbpl,xxxxxxxxxx,tttttttttt
AvHahn,Avis,Hahn,lmaa2qb0,xxxxxxxxxx,tttttttttt
RaStout,Randy,Stout,kd46k3vp,xxxxxxxxxx,tttttttttt
OsGibso,Osvaldo,Gibson,bef2aqdo,xxxxxxxxxx,tttttttttt
KeBaker,Kerry,Baker,79uktiwx,xxxxxxxxxx,tttttttttt
MiRuiz,Miguel,Ruiz,8sb2kg6p,xxxxxxxxxx,tttttttttt
RoHanco,Rocky,Hancock,7nnvj3y3,xxxxxxxxxx,tttttttttt
MaArroy,Marjorie,Arroyo,uzdaec40,xxxxxxxxxx,tttttttttt
MaKelle,Maryellen,Keller,0djncyxl,xxxxxxxxxx,tttttttttt
RoAnder,Rory,Andersen,sjegn6ue,xxxxxxxxxx,tttttttttt
JeEspin,Jerri,Espinoza,dsfd12w9,xxxxxxxxxx,tttttttttt
KoHart,Kory,Hart,lwy063vw,xxxxxxxxxx,tttttttttt
SaMeado,Sam,Meadows,7nd865r1,xxxxxxxxxx,tttttttttt
SiHughe,Silas,Hughes,c02qqif2,xxxxxxxxxx,tttttttttt
ShEstes,Sherwood,Estes,l68k3otb,xxxxxxxxxx,tttttttttt
AnShort,Ana,Short,07nx3x52,xxxxxxxxxx,tttttttttt
PeBlanc,Peggy,Blanchard,9945ch2z,xxxxxxxxxx,tttttttttt
MaOwen,Magdalena,Owen,qbgttsto,xxxxxxxxxx,tttttttttt
GiMarsh,Giuseppe,Marshall,ii7mh1ah,xxxxxxxxxx,tttttttttt
SeWang,Seth,Wang,6dwymfjg,xxxxxxxxxx,tttttttttt
WeHanna,Wendy,Hanna,5an2ta93,xxxxxxxxxx,tttttttttt
HiRiver,Hiram,Rivera,ckcq7jip,xxxxxxxxxx,tttttttttt
RiMeza,Rigoberto,Meza,s9fhm6r2,xxxxxxxxxx,tttttttttt
ElSoto,Elba,Soto,7xufrgt6,xxxxxxxxxx,tttttttttt
MeRodri,Mervin,Rodriguez,gh5veey0,xxxxxxxxxx,tttttttttt
GaHeath,Gail,Heath,c6am1jer,xxxxxxxxxx,tttttttttt
AnDavis,Angel,Davis,78r6firl,xxxxxxxxxx,tttttttttt
RoBarne,Roderick,Barnes,jqve5jbv,xxxxxxxxxx,tttttttttt
EdBest,Eduardo,Best,q33r967c,xxxxxxxxxx,tttttttttt
LoBooke,Lowell,Booker,ydkr69fa,xxxxxxxxxx,tttttttttt
KaOwens,Kate,Owens,6ka0ral7,xxxxxxxxxx,tttttttttt
DaShepa,Danny,Shepard,yciv8mm9,xxxxxxxxxx,tttttttttt
IkJuare,Ike,Juarez,pntaqo10,xxxxxxxxxx,tttttttttt
ViSaund,Vincenzo,Saunders,la2rdzaw,xxxxxxxxxx,tttttttttt
TaStewa,Tasha,Stewart,c1i30tl5,xxxxxxxxxx,tttttttttt
KeChase,Kendra,Chase,ql7652z1,xxxxxxxxxx,tttttttttt
HiDay,Hilda,Day,si1ssfm2,xxxxxxxxxx,tttttttttt
MiHowar,Mitchell,Howard,yotdrhgx,xxxxxxxxxx,tttttttttt
ElMckni,Eleanor,Mcknight,q0xch57p,xxxxxxxxxx,tttttttttt
DoByrd,Dorthy,Byrd,i36qgszd,xxxxxxxxxx,tttttttttt
WaTravi,Walker,Travis,a08hf8vo,xxxxxxxxxx,tttttttttt
MiHayes,Micheal,Hayes,0t3rq5tp,xxxxxxxxxx,tttttttttt
AlStaff,Aline,Stafford,dusjq76n,xxxxxxxxxx,tttttttttt
CaShaw,Cathryn,Shaw,06ka6pze,xxxxxxxxxx,tttttttttt
AnRoman,Antony,Roman,d0wyxl9t,xxxxxxxxxx,tttttttttt
JaLeach,Jamar,Leach,6nua2n1v,xxxxxxxxxx,tttttttttt
OpWarne,Ophelia,Warner,ktxu9rf7,xxxxxxxxxx,tttttttttt
ElHutch,Elwood,Hutchinson,kun3190g,xxxxxxxxxx,tttttttttt
GaBeck,Gabrielle,Beck,4w69pdq1,xxxxxxxxxx,tttttttttt
ToCosta,Tobias,Costa,hizqflk3,xxxxxxxxxx,tttttttttt
LuDean,Luther,Dean,jdjclqu3,xxxxxxxxxx,tttttttttt
RoPined,Rosanna,Pineda,o5jwq7mg,xxxxxxxxxx,tttttttttt
SyLang,Sybil,Lang,e29vc8x4,xxxxxxxxxx,tttttttttt
BuNolan,Burl,Nolan,heuexzgq,xxxxxxxxxx,tttttttttt
JeMolin,Jermaine,Molina,34n7ah21,xxxxxxxxxx,tttttttttt
GrThoma,Granville,Thomas,st23qf3b,xxxxxxxxxx,tttttttttt
VaZimme,Vaughn,Zimmerman,jflw6558,xxxxxxxxxx,tttttttttt
MaKnapp,Marguerite,Knapp,qq3r4e4r,xxxxxxxxxx,tttttttttt
RoBarro,Romeo,Barron,xlye4wos,xxxxxxxxxx,tttttttttt
DeWilli,Deanne,Williams,tgntjpnc,xxxxxxxxxx,tttttttttt
YoWebb,Yong,Webb,d9j6bv0v,xxxxxxxxxx,tttttttttt
JoPrest,Joni,Preston,4fowqp32,xxxxxxxxxx,tttttttttt
MiMcint,Miranda,Mcintosh,0dqmiv7n,xxxxxxxxxx,tttttttttt
MaShea,Maynard,Shea,sqgcoqg4,xxxxxxxxxx,tttttttttt
RaPeter,Rayford,Petersen,36s3jaab,xxxxxxxxxx,tttttttttt
HeMcmil,Helen,Mcmillan,8v7hmiun,xxxxxxxxxx,tttttttttt
LyAceve,Lyle,Acevedo,76ejte1y,xxxxxxxxxx,tttttttttt
LaGardn,Lane,Gardner,suszqiyb,xxxxxxxxxx,tttttttttt
AmBoyer,Amparo,Boyer,no0o8djy,xxxxxxxxxx,tttttttttt
CoSherm,Consuelo,Sherman,9r52nxmh,xxxxxxxxxx,tttttttttt
PeWu,Penelope,Wu,y5tvdmjw,xxxxxxxxxx,tttttttttt
BeDavid,Benny,David,t96f3axf,xxxxxxxxxx,tttttttttt
EmFrank,Emerson,Frank,ddxo56vn,xxxxxxxxxx,tttttttttt
ErHuynh,Erika,Huynh,2cgmehzq,xxxxxxxxxx,tttttttttt
JcSolom,Jc,Solomon,gaaa8fht,xxxxxxxxxx,tttttttttt
DeDowns,Delmer,Downs,cux4ow79,xxxxxxxxxx,tttttttttt
EvEvere,Everette,Everett,gjyzkiq9,xxxxxxxxxx,tttttttttt
MiNoble,Michelle,Noble,6stgagbg,xxxxxxxxxx,tttttttttt
IsMoral,Isaias,Morales,b1l8gla9,xxxxxxxxxx,tttttttttt
MaPerry,Marisa,Perry,wd9hsn1r,xxxxxxxxxx,tttttttttt
TrMonte,Tracy,Montes,1lv9tb31,xxxxxxxxxx,tttttttttt
AlHaas,Alisha,Haas,m6pg99fi,xxxxxxxxxx,tttttttttt
NoRicha,Nona,Richard,9781l73f,xxxxxxxxxx,tttttttttt
BeSingl,Beatrice,Singleton,9irhrvzh,xxxxxxxxxx,tttttttttt
OcRiggs,Octavio,Riggs,wn3p0m7v,xxxxxxxxxx,tttttttttt
GrBenne,Gregorio,Bennett,9npd1jhc,xxxxxxxxxx,tttttttttt
NiPope,Nina,Pope,qbhx38le,xxxxxxxxxx,tttttttttt
DaPorte,Darin,Porter,hypeedna,xxxxxxxxxx,tttttttttt
PaCarls,Patsy,Carlson,9c6qaja8,xxxxxxxxxx,tttttttttt
EtBecke,Ethan,Becker,e387z77x,xxxxxxxxxx,tttttttttt
DePerez,Deann,Perez,yuxjxe75,xxxxxxxxxx,tttttttttt
GiBradf,Giovanni,Bradford,2h2nvm58,xxxxxxxxxx,tttttttttt
VaBruce,Vance,Bruce,6vrdlp0l,xxxxxxxxxx,tttttttttt
EnHeber,Enrique,Hebert,t35o7ny4,xxxxxxxxxx,tttttttttt
GaWeave,Gale,Weaver,so6ajgc6,xxxxxxxxxx,tttttttttt
LeMcken,Leanna,Mckenzie,8k5i1k86,xxxxxxxxxx,tttttttttt
LeVille,Lela,Villegas,lltrxb68,xxxxxxxxxx,tttttttttt
CaMack,Cathleen,Mack,crzf4ozg,xxxxxxxxxx,tttttttttt
OrBuckl,Oren,Buckley,0ep5923m,xxxxxxxxxx,tttttttttt
RuGlenn,Russ,Glenn,8ca0kzkh,xxxxxxxxxx,tttttttttt
SuReyno,Suzette,Reynolds,ofw8l39q,xxxxxxxxxx,tttttttttt
MyHubba,Myra,Hubbard,z4w4pzxc,xxxxxxxxxx,tttttttttt
RoGeorg,Roscoe,George,iduac1vk,xxxxxxxxxx,tttttttttt
MySawye,Myrna,Sawyer,08sw9vpc,xxxxxxxxxx,tttttttttt
MaLiu,Maura,Liu,3knhvy0k,xxxxxxxxxx,tttttttttt
BaLe,Basil,Le,63oo5vjd,xxxxxxxxxx,tttttttttt
GrMcgui,Grady,Mcguire,i54gzzho,xxxxxxxxxx,tttttttttt
MaCase,Man,Case,0w1gel1g,xxxxxxxxxx,tttttttttt
BeHodge,Beulah,Hodges,ducos21x,xxxxxxxxxx,tttttttttt
CoBeasl,Cortez,Beasley,bhd79h55,xxxxxxxxxx,tttttttttt
RaChris,Ramona,Christensen,y84jgiov,xxxxxxxxxx,tttttttttt
GaMarti,Gavin,Martinez,cljsk38l,xxxxxxxxxx,tttttttttt
IrMccla,Ira,Mcclain,m4pcqyvq,xxxxxxxxxx,tttttttttt
AuMoss,Aurelia,Moss,ekwty2c1,xxxxxxxxxx,tttttttttt
DoAcost,Douglas,Acosta,svoguk61,xxxxxxxxxx,tttttttttt
AmMcdan,Amado,Mcdaniel,9ff40aal,xxxxxxxxxx,tttttttttt
WeSumme,Wendi,Summers,tl3shy22,xxxxxxxxxx,tttttttttt
CiFlowe,Cindy,Flowers,kkqu40ai,xxxxxxxxxx,tttttttttt
TeSheph,Terrence,Shepherd,icd9d9zp,xxxxxxxxxx,tttttttttt
AnGonza,Andrea,Gonzalez,20pj2rfm,xxxxxxxxxx,tttttttttt
CaSteph,Casandra,Stephenson,4e4jw08c,xxxxxxxxxx,tttttttttt
RoSchwa,Roslyn,Schwartz,ycjwowhq,xxxxxxxxxx,tttttttttt
JeZamor,Jewel,Zamora,07s5t7ml,xxxxxxxxxx,tttttttttt
KrRosar,Krystal,Rosario,1lz296ib,xxxxxxxxxx,tttttttttt
PaJones,Pam,Jones,c7k3ct1g,xxxxxxxxxx,tttttttttt
WiHuber,Wiley,Huber,rzw3j8p5,xxxxxxxxxx,tttttttttt
LyMorri,Lynette,Morrison,j9wpb3k5,xxxxxxxxxx,tttttttttt
FeDuran,Fermin,Duran,31m3pmyk,xxxxxxxxxx,tttttttttt
TrRyan,Tristan,Ryan,dop5ccnm,xxxxxxxxxx,tttttttttt
MaHunte,Mauro,Hunter,ipsoukp6,xxxxxxxxxx,tttttttttt
KiVarga,Kip,Vargas,hg6awb3a,xxxxxxxxxx,tttttttttt
CaPugh,Cassandra,Pugh,xsvkjmgz,xxxxxxxxxx,tttttttttt
JiTrevi,Jim,Trevino,nziigo7g,xxxxxxxxxx,tttttttttt
BiPowel,Billie,Powell,kdkpshk1,xxxxxxxxxx,tttttttttt
GeGrave,Gena,Graves,y83m80o1,xxxxxxxxxx,tttttttttt
StMuell,Steven,Mueller,68ztezyn,xxxxxxxxxx,tttttttttt
ChDurha,Charles,Durham,e3za54kg,xxxxxxxxxx,tttttttttt
ApNewma,April,Newman,8ackmmde,xxxxxxxxxx,tttttttttt
IsGalla,Isabella,Gallagher,9l4vvvk0,xxxxxxxxxx,tttttttttt
LaHaney,Lawrence,Haney,xzch0ohw,xxxxxxxxxx,tttttttttt
MaTran,Mari,Tran,jq7tr1fn,xxxxxxxxxx,tttttttttt
EsLevin,Esteban,Levine,ogq926ja,xxxxxxxxxx,tttttttttt
TeGilbe,Terri,Gilbert,3lcpzue1,xxxxxxxxxx,tttttttttt
JeVasqu,Jefferson,Vasquez,pirz6wud,xxxxxxxxxx,tttttttttt
MiHobbs,Milo,Hobbs,5o04vzu8,xxxxxxxxxx,tttttttttt
KaOrteg,Kay,Ortega,dd8rl47t,xxxxxxxxxx,tttttttttt
ShRober,Sheldon,Robertson,ugnc8crs,xxxxxxxxxx,tttttttttt
UrMills,Ursula,Mills,f3srdopc,xxxxxxxxxx,tttttttttt
BeGould,Betsy,Gould,2oflz6ix,xxxxxxxxxx,tttttttttt
DeHarri,Dennis,Harris,46crxiwq,xxxxxxxxxx,tttttttttt
JaCraig,Jamaal,Craig,eso37a4w,xxxxxxxxxx,tttttttttt
NeRiley,Neal,Riley,p4jhmdgr,xxxxxxxxxx,tttttttttt
MaMarks,Mack,Marks,pmf5njbs,xxxxxxxxxx,tttttttttt
DiBlack,Dick,Black,5ij4efip,xxxxxxxxxx,tttttttttt
JoOsbor,Josie,Osborne,64krmu5n,xxxxxxxxxx,tttttttttt
JaWyatt,Jamison,Wyatt,5gxvz07p,xxxxxxxxxx,tttttttttt
LuKaise,Luciano,Kaiser,nhz73mxe,xxxxxxxxxx,tttttttttt
ViCross,Vince,Cross,yr908uri,xxxxxxxxxx,tttttttttt
WeValde,Wes,Valdez,1yen30a6,xxxxxxxxxx,tttttttttt
OlGomez,Olen,Gomez,0kjsrqjg,xxxxxxxxxx,tttttttttt
ShHull,Shirley,Hull,97gqaw8k,xxxxxxxxxx,tttttttttt
FlArmst,Floyd,Armstrong,gl4kapi9,xxxxxxxxxx,tttttttttt
StCompt,Stanton,Compton,yw9kt3ks,xxxxxxxxxx,tttttttttt
JoTurne,John,Turner,jhb8kamq,xxxxxxxxxx,tttttttttt
DaCarne,Darcy,Carney,oabg8nmn,xxxxxxxxxx,tttttttttt
MuFulle,Muriel,Fuller,j61mwnfo,xxxxxxxxxx,tttttttttt
HaHamil,Hayden,Hamilton,h8jrf1ln,xxxxxxxxxx,tttttttttt
CuMathi,Curtis,Mathis,2vy5xqe9,xxxxxxxxxx,tttttttttt
DuSimmo,Dustin,Simmons,cawgmo1l,xxxxxxxxxx,tttttttttt
JoWater,Joanna,Waters,a8yewxvx,xxxxxxxxxx,tttttttttt
LuDicke,Lucia,Dickerson,b0oqmk8n,xxxxxxxxxx,tttttttttt
MaRamse,Marva,Ramsey,nezkpl6j,xxxxxxxxxx,tttttttttt
RoSimps,Rosemarie,Simpson,k59qqg90,xxxxxxxxxx,tttttttttt
RuMerce,Rusty,Mercer,2ujjr4zq,xxxxxxxxxx,tttttttttt
ShSteve,Sheila,Stevens,n8e7djz8,xxxxxxxxxx,tttttttttt
LuMcgee,Luis,Mcgee,1dtsrc3a,xxxxxxxxxx,tttttttttt
TeBlake,Tessa,Blake,5yemwhov,xxxxxxxxxx,tttttttttt
AuGarza,Aubrey,Garza,khd5zcbu,xxxxxxxxxx,tttttttttt
AuWalte,Audrey,Walter,sxjp6xls,xxxxxxxxxx,tttttttttt
ReVelas,Reinaldo,Velasquez,2haqatrj,xxxxxxxxxx,tttttttttt
EvWeber,Everett,Weber,wnmq2r74,xxxxxxxxxx,tttttttttt
JaBates,Jarod,Bates,coz3rtdm,xxxxxxxxxx,tttttttttt
WiCopel,Wilmer,Copeland,0o9w9fk5,xxxxxxxxxx,tttttttttt
JeValen,Jeremiah,Valentine,h19ypwpu,xxxxxxxxxx,tttttttttt
ChFrye,Christa,Frye,ieh4a0zw,xxxxxxxxxx,tttttttttt
HoMoore,Hosea,Moore,n5sfwssx,xxxxxxxxxx,tttttttttt
JuWashi,Julius,Washington,wv111w6s,xxxxxxxxxx,tttttttttt
LoAguir,Loretta,Aguirre,12nj68ia,xxxxxxxxxx,tttttttttt
JuAdkin,Jude,Adkins,lncuqfxi,xxxxxxxxxx,tttttttttt
MaFlynn,Malcom,Flynn,5zndzmju,xxxxxxxxxx,tttttttttt
CaKerr,Carter,Kerr,cbhs1wkz,xxxxxxxxxx,tttttttttt
AlBooth,Alphonse,Booth,mznomeen,xxxxxxxxxx,tttttttttt
ArJacks,Araceli,Jackson,vrmrgrdv,xxxxxxxxxx,tttttttttt
NaSosa,Napoleon,Sosa,fsk32edz,xxxxxxxxxx,tttttttttt
NeCarri,Ned,Carrillo,otdmtnuf,xxxxxxxxxx,tttttttttt
YoBenja,Yolanda,Benjamin,dkgmvczq,xxxxxxxxxx,tttttttttt
JoKhan,Joel,Khan,qktu6n9g,xxxxxxxxxx,tttttttttt
LeBrand,Leland,Brandt,d11f6re3,xxxxxxxxxx,tttttttttt
GrBoyd,Gregory,Boyd,mhsbl636,xxxxxxxxxx,tttttttttt
MaSanti,Marc,Santiago,1st111er,xxxxxxxxxx,tttttttttt
JeCantu,Jean,Cantu,r6ps4qid,xxxxxxxxxx,tttttttttt
ShEstra,Sherman,Estrada,0zw14u11,xxxxxxxxxx,tttttttttt
ShDaugh,Shelton,Daugherty,201m1608,xxxxxxxxxx,tttttttttt
GrMcgra,Gretchen,Mcgrath,70m9g9m5,xxxxxxxxxx,tttttttttt
ReMyers,Renato,Myers,barbauch,xxxxxxxxxx,tttttttttt
LoChave,Loyd,Chavez,yi222gem,xxxxxxxxxx,tttttttttt
MaPeck,Maricela,Peck,yy49w79v,xxxxxxxxxx,tttttttttt
ArCorte,Aron,Cortez,92zp9uu8,xxxxxxxxxx,tttttttttt
ClHerma,Claudia,Herman,h8h7y5ux,xxxxxxxxxx,tttttttttt
AlVega,Albert,Vega,iyg142gs,xxxxxxxxxx,tttttttttt
DaAlvar,Damon,Alvarez,8vkkaf6g,xxxxxxxxxx,tttttttttt
EdGuzma,Edgar,Guzman,swjmznsv,xxxxxxxxxx,tttttttttt
LiSalaz,Lino,Salazar,d0rrxbci,xxxxxxxxxx,tttttttttt
AlHollo,Alyssa,Holloway,gonsj24e,xxxxxxxxxx,tttttttttt
SoLittl,Sophia,Little,bkrc59t9,xxxxxxxxxx,tttttttttt
ChColem,Christine,Coleman,1cxivubp,xxxxxxxxxx,tttttttttt
HeMann,Heriberto,Mann,ah9d3b7q,xxxxxxxxxx,tttttttttt
ViNavar,Virgie,Navarro,4d1tf35d,xxxxxxxxxx,tttttttttt
ShGibbs,Shari,Gibbs,ke8wnbsh,xxxxxxxxxx,tttttttttt
HoRubio,Howard,Rubio,hv8xx7lw,xxxxxxxxxx,tttttttttt
ErWebst,Erin,Webster,05xcyq3j,xxxxxxxxxx,tttttttttt
AlDough,Alice,Dougherty,qtnr61gz,xxxxxxxxxx,tttttttttt
AdHawki,Adam,Hawkins,dl8mowqm,xxxxxxxxxx,tttttttttt
GeHuang,Gertrude,Huang,xa9u7fkw,xxxxxxxxxx,tttttttttt
EaStoke,Earl,Stokes,jrclyzew,xxxxxxxxxx,tttttttttt
CaRanda,Catalina,Randall,lvmcjr3c,xxxxxxxxxx,tttttttttt
LaMiran,Lavern,Miranda,x4jst2h2,xxxxxxxxxx,tttttttttt
AnWall,Angelina,Wall,0nlxxj75,xxxxxxxxxx,tttttttttt
ShYork,Sheree,York,06b9uirk,xxxxxxxxxx,tttttttttt
JaDanie,Jane,Daniels,nha54bcw,xxxxxxxxxx,tttttttttt
AnDorse,Annette,Dorsey,1cnrg01s,xxxxxxxxxx,tttttttttt
SuMcnei,Susanne,Mcneil,x816ywiw,xxxxxxxxxx,tttttttttt
KuNorto,Kurt,Norton,s1xx1vhs,xxxxxxxxxx,tttttttttt
BeJense,Ben,Jensen,rtutzva3,xxxxxxxxxx,tttttttttt
AlLong,Alexander,Long,aay97vvq,xxxxxxxxxx,tttttttttt
MaJohns,Marcia,Johnston,pvmduya8,xxxxxxxxxx,tttttttttt
EtMccoy,Ethel,Mccoy,ksu4wmku,xxxxxxxxxx,tttttttttt
RoHolme,Rodolfo,Holmes,lknxcl9i,xxxxxxxxxx,tttttttttt
BrFried,Bruce,Friedman,0afoqvmc,xxxxxxxxxx,tttttttttt
MoBurns,Monique,Burns,yi38sid8,xxxxxxxxxx,tttttttttt
ErRiddl,Erica,Riddle,vwvqoop6,xxxxxxxxxx,tttttttttt
ReVelaz,Reyes,Velazquez,62ictdn0,xxxxxxxxxx,tttttttttt
DaWells,Daron,Wells,tz7scc5g,xxxxxxxxxx,tttttttttt
HuKnox,Hugh,Knox,5l6rvf1w,xxxxxxxxxx,tttttttttt
TaMora,Tami,Mora,0w51ftxg,xxxxxxxxxx,tttttttttt
ClReyes,Claude,Reyes,9tc3gy12,xxxxxxxxxx,tttttttttt
DeJohns,Dena,Johnson,9zxk2i5c,xxxxxxxxxx,tttttttttt
